SA2_CODE21,SA2_NAME21,CHG_FLAG21,CHG_LBL21,SA3_CODE21,SA3_NAME21,SA4_CODE21,SA4_NAME21,GCC_CODE21,GCC_NAME21,STE_CODE21,STE_NAME21,AUS_CODE21,AUS_NAME21,AREASQKM21,LOCI_URI21,TrafficCount
"101021007",Braidwood,"0",No change,"10102",Queanbeyan,"101",Capital Region,1RNSW,Rest of NSW,"1",New South Wales,AUS,Australia,3418.352499999999964,http://linked.data.gov.au/dataset/asgsed3/SA2/101021007,90460
"101021010",Queanbeyan - East,"0",No change,"10102",Queanbeyan,"101",Capital Region,1RNSW,Rest of NSW,"1",New South Wales,AUS,Australia,13.003200000000000,http://linked.data.gov.au/dataset/asgsed3/SA2/101021010,78227
"101021611",Queanbeyan Surrounds,"1",New,"10102",Queanbeyan,"101",Capital Region,1RNSW,Rest of NSW,"1",New South Wales,AUS,Australia,3047.705699999999979,http://linked.data.gov.au/dataset/asgsed3/SA2/101021611,97892
"101031013",Bombala,"0",No change,"10103",Snowy Mountains,"101",Capital Region,1RNSW,Rest of NSW,"1",New South Wales,AUS,Australia,3990.143999999999778,http://linked.data.gov.au/dataset/asgsed3/SA2/101031013,34558
"101031014",Cooma,"0",No change,"10103",Snowy Mountains,"101",Capital Region,1RNSW,Rest of NSW,"1",New South Wales,AUS,Australia,103.637100000000004,http://linked.data.gov.au/dataset/asgsed3/SA2/101031014,55092
"101031015",Cooma Surrounds,"3",Name change,"10103",Snowy Mountains,"101",Capital Region,1RNSW,Rest of NSW,"1",New South Wales,AUS,Australia,6251.015800000000127,http://linked.data.gov.au/dataset/asgsed3/SA2/101031015,92344
"101031016",Jindabyne - Berridale,"0",No change,"10103",Snowy Mountains,"101",Capital Region,1RNSW,Rest of NSW,"1",New South Wales,AUS,Australia,3939.788799999999810,http://linked.data.gov.au/dataset/asgsed3/SA2/101031016,138612
"101041022",Deua - Wadbilliga,"0",No change,"10104",South Coast,"101",Capital Region,1RNSW,Rest of NSW,"1",New South Wales,AUS,Australia,2781.998799999999846,http://linked.data.gov.au/dataset/asgsed3/SA2/101041022,19268
"101041024",Eurobodalla Hinterland,"0",No change,"10104",South Coast,"101",Capital Region,1RNSW,Rest of NSW,"1",New South Wales,AUS,Australia,1460.011799999999994,http://linked.data.gov.au/dataset/asgsed3/SA2/101041024,37614
"101051539",Goulburn,"0",No change,"10105",Goulburn - Mulwaree,"101",Capital Region,1RNSW,Rest of NSW,"1",New South Wales,AUS,Australia,64.786500000000004,http://linked.data.gov.au/dataset/asgsed3/SA2/101051539,98914
"101051540",Goulburn Surrounds,"3",Name change,"10105",Goulburn - Mulwaree,"101",Capital Region,1RNSW,Rest of NSW,"1",New South Wales,AUS,Australia,9035.122199999999793,http://linked.data.gov.au/dataset/asgsed3/SA2/101051540,243736
"101061541",Yass,"0",No change,"10106",Young - Yass,"101",Capital Region,1RNSW,Rest of NSW,"1",New South Wales,AUS,Australia,99.734099999999998,http://linked.data.gov.au/dataset/asgsed3/SA2/101061541,67890
"101061542",Yass Surrounds,"3",Name change,"10106",Young - Yass,"101",Capital Region,1RNSW,Rest of NSW,"1",New South Wales,AUS,Australia,5680.569599999999809,http://linked.data.gov.au/dataset/asgsed3/SA2/101061542,329172
"101061543",Young,"0",No change,"10106",Young - Yass,"101",Capital Region,1RNSW,Rest of NSW,"1",New South Wales,AUS,Australia,505.752999999999986,http://linked.data.gov.au/dataset/asgsed3/SA2/101061543,175812
"101061544",Young Surrounds,"3",Name change,"10106",Young - Yass,"101",Capital Region,1RNSW,Rest of NSW,"1",New South Wales,AUS,Australia,5849.808600000000297,http://linked.data.gov.au/dataset/asgsed3/SA2/101061544,262462
"102011030",Calga - Kulnura,"0",No change,"10201",Gosford,"102",Central Coast,1GSYD,Greater Sydney,"1",New South Wales,AUS,Australia,767.951199999999972,http://linked.data.gov.au/dataset/asgsed3/SA2/102011030,677195
"102011032",Gosford - Springfield,"0",No change,"10201",Gosford,"102",Central Coast,1GSYD,Greater Sydney,"1",New South Wales,AUS,Australia,16.912299999999998,http://linked.data.gov.au/dataset/asgsed3/SA2/102011032,418832
"102011043",Wyoming,"0",No change,"10201",Gosford,"102",Central Coast,1GSYD,Greater Sydney,"1",New South Wales,AUS,Australia,8.381000000000000,http://linked.data.gov.au/dataset/asgsed3/SA2/102011043,239292
"102021045",Blue Haven - San Remo,"0",No change,"10202",Wyong,"102",Central Coast,1GSYD,Greater Sydney,"1",New South Wales,AUS,Australia,20.979500000000002,http://linked.data.gov.au/dataset/asgsed3/SA2/102021045,142640
"102021057",Wyong,"0",No change,"10202",Wyong,"102",Central Coast,1GSYD,Greater Sydney,"1",New South Wales,AUS,Australia,15.033400000000000,http://linked.data.gov.au/dataset/asgsed3/SA2/102021057,600998
"103011060",Bathurst Surrounds,"3",Name change,"10301",Bathurst,"103",Central West,1RNSW,Rest of NSW,"1",New South Wales,AUS,Australia,3798.262799999999970,http://linked.data.gov.au/dataset/asgsed3/SA2/103011060,131688
"103011612",Bathurst - South,"1",New,"10301",Bathurst,"103",Central West,1RNSW,Rest of NSW,"1",New South Wales,AUS,Australia,37.479399999999998,http://linked.data.gov.au/dataset/asgsed3/SA2/103011612,43092
"103021063",Cowra,"0",No change,"10302",Lachlan Valley,"103",Central West,1RNSW,Rest of NSW,"1",New South Wales,AUS,Australia,242.200999999999993,http://linked.data.gov.au/dataset/asgsed3/SA2/103021063,17442
"103021064",Cowra Surrounds,"3",Name change,"10302",Lachlan Valley,"103",Central West,1RNSW,Rest of NSW,"1",New South Wales,AUS,Australia,3037.155600000000049,http://linked.data.gov.au/dataset/asgsed3/SA2/103021064,5192
"103021066",Grenfell,"0",No change,"10302",Lachlan Valley,"103",Central West,1RNSW,Rest of NSW,"1",New South Wales,AUS,Australia,3294.076599999999871,http://linked.data.gov.au/dataset/asgsed3/SA2/103021066,11280
"103021067",Parkes (NSW),"0",No change,"10302",Lachlan Valley,"103",Central West,1RNSW,Rest of NSW,"1",New South Wales,AUS,Australia,234.755500000000012,http://linked.data.gov.au/dataset/asgsed3/SA2/103021067,42128
"103021069",West Wyalong,"0",No change,"10302",Lachlan Valley,"103",Central West,1RNSW,Rest of NSW,"1",New South Wales,AUS,Australia,8317.472999999999956,http://linked.data.gov.au/dataset/asgsed3/SA2/103021069,226458
"103031072",Mudgee,"0",No change,"10303",Lithgow - Mudgee,"103",Central West,1RNSW,Rest of NSW,"1",New South Wales,AUS,Australia,65.894900000000007,http://linked.data.gov.au/dataset/asgsed3/SA2/103031072,30416
"103031074",Mudgee Surrounds - West,"3",Name change,"10303",Lithgow - Mudgee,"103",Central West,1RNSW,Rest of NSW,"1",New South Wales,AUS,Australia,8043.863299999999981,http://linked.data.gov.au/dataset/asgsed3/SA2/103031074,10164
"103041078",Orange - North,"0",No change,"10304",Orange,"103",Central West,1RNSW,Rest of NSW,"1",New South Wales,AUS,Australia,99.511899999999997,http://linked.data.gov.au/dataset/asgsed3/SA2/103041078,17724
"103041079",Orange Surrounds,"3",Name change,"10304",Orange,"103",Central West,1RNSW,Rest of NSW,"1",New South Wales,AUS,Australia,4480.095599999999649,http://linked.data.gov.au/dataset/asgsed3/SA2/103041079,37808
"104021090",Urunga,"0",No change,"10402",Coffs Harbour,"104",Coffs Harbour - Grafton,1RNSW,Rest of NSW,"1",New South Wales,AUS,Australia,108.412400000000005,http://linked.data.gov.au/dataset/asgsed3/SA2/104021090,31040
"105011092",Bourke - Brewarrina,"0",No change,"10501",Bourke - Cobar - Coonamble,"105",Far West and Orana,1RNSW,Rest of NSW,"1",New South Wales,AUS,Australia,56841.522199999999430,http://linked.data.gov.au/dataset/asgsed3/SA2/105011092,22746
"105011094",Coonamble,"0",No change,"10501",Bourke - Cobar - Coonamble,"105",Far West and Orana,1RNSW,Rest of NSW,"1",New South Wales,AUS,Australia,12142.353199999999561,http://linked.data.gov.au/dataset/asgsed3/SA2/105011094,10228
"105011095",Nyngan - Warren,"0",No change,"10501",Bourke - Cobar - Coonamble,"105",Far West and Orana,1RNSW,Rest of NSW,"1",New South Wales,AUS,Australia,21216.002300000003743,http://linked.data.gov.au/dataset/asgsed3/SA2/105011095,14984
"105011096",Walgett - Lightning Ridge,"0",No change,"10501",Bourke - Cobar - Coonamble,"105",Far West and Orana,1RNSW,Rest of NSW,"1",New South Wales,AUS,Australia,27011.132799999999406,http://linked.data.gov.au/dataset/asgsed3/SA2/105011096,2774
"105021097",Broken Hill,"0",No change,"10502",Broken Hill and Far West,"105",Far West and Orana,1RNSW,Rest of NSW,"1",New South Wales,AUS,Australia,170.115299999999991,http://linked.data.gov.au/dataset/asgsed3/SA2/105021097,27436
"105021098",Far West,"0",No change,"10502",Broken Hill and Far West,"105",Far West and Orana,1RNSW,Rest of NSW,"1",New South Wales,AUS,Australia,146684.731700000003912,http://linked.data.gov.au/dataset/asgsed3/SA2/105021098,19416
"105031099",Coonabarabran,"0",No change,"10503",Dubbo,"105",Far West and Orana,1RNSW,Rest of NSW,"1",New South Wales,AUS,Australia,10474.133099999999104,http://linked.data.gov.au/dataset/asgsed3/SA2/105031099,24876
"105031103",Dubbo Surrounds,"3",Name change,"10503",Dubbo,"105",Far West and Orana,1RNSW,Rest of NSW,"1",New South Wales,AUS,Australia,4128.568199999999706,http://linked.data.gov.au/dataset/asgsed3/SA2/105031103,3769
"105031105",Narromine,"0",No change,"10503",Dubbo,"105",Far West and Orana,1RNSW,Rest of NSW,"1",New South Wales,AUS,Australia,5956.253499999999804,http://linked.data.gov.au/dataset/asgsed3/SA2/105031105,30466
"105031106",Wellington,"0",No change,"10503",Dubbo,"105",Far West and Orana,1RNSW,Rest of NSW,"1",New South Wales,AUS,Australia,3603.436900000000151,http://linked.data.gov.au/dataset/asgsed3/SA2/105031106,51058
"106021614",East Maitland - Metford,"1",New,"10602",Maitland,"106",Hunter Valley exc Newcastle,1RNSW,Rest of NSW,"1",New South Wales,AUS,Australia,21.676200000000001,http://linked.data.gov.au/dataset/asgsed3/SA2/106021614,362388
"106031122",Raymond Terrace,"0",No change,"10603",Port Stephens,"106",Hunter Valley exc Newcastle,1RNSW,Rest of NSW,"1",New South Wales,AUS,Australia,109.486400000000003,http://linked.data.gov.au/dataset/asgsed3/SA2/106031122,368378
"106031125",Williamtown - Medowie - Karuah,"0",No change,"10603",Port Stephens,"106",Hunter Valley exc Newcastle,1RNSW,Rest of NSW,"1",New South Wales,AUS,Australia,365.182000000000016,http://linked.data.gov.au/dataset/asgsed3/SA2/106031125,11894
"106041126",Muswellbrook,"0",No change,"10604",Upper Hunter,"106",Hunter Valley exc Newcastle,1RNSW,Rest of NSW,"1",New South Wales,AUS,Australia,262.396400000000028,http://linked.data.gov.au/dataset/asgsed3/SA2/106041126,88462
"106041127",Muswellbrook Surrounds,"3",Name change,"10604",Upper Hunter,"106",Hunter Valley exc Newcastle,1RNSW,Rest of NSW,"1",New South Wales,AUS,Australia,3142.487700000000132,http://linked.data.gov.au/dataset/asgsed3/SA2/106041127,19816
"107011131",Dapto - Avondale,"0",No change,"10701",Dapto - Port Kembla,"107",Illawarra,1RNSW,Rest of NSW,"1",New South Wales,AUS,Australia,56.600299999999997,http://linked.data.gov.au/dataset/asgsed3/SA2/107011131,126060
"107011545",Berkeley - Lake Heights - Cringila,"0",No change,"10701",Dapto - Port Kembla,"107",Illawarra,1RNSW,Rest of NSW,"1",New South Wales,AUS,Australia,12.530700000000000,http://linked.data.gov.au/dataset/asgsed3/SA2/107011545,520746
"107021135",Illawarra Catchment Reserve,"0",No change,"10702",Illawarra Catchment Reserve,"107",Illawarra,1RNSW,Rest of NSW,"1",New South Wales,AUS,Australia,744.342300000000023,http://linked.data.gov.au/dataset/asgsed3/SA2/107021135,87860
"107031136",Albion Park - Macquarie Pass,"0",No change,"10703",Kiama - Shellharbour,"107",Illawarra,1RNSW,Rest of NSW,"1",New South Wales,AUS,Australia,75.125399999999999,http://linked.data.gov.au/dataset/asgsed3/SA2/107031136,30014
"107031139",Kiama Downs - Minnamurra,"0",No change,"10703",Kiama - Shellharbour,"107",Illawarra,1RNSW,Rest of NSW,"1",New South Wales,AUS,Australia,7.261000000000000,http://linked.data.gov.au/dataset/asgsed3/SA2/107031139,281840
"107031141",Shellharbour - Flinders,"0",No change,"10703",Kiama - Shellharbour,"107",Illawarra,1RNSW,Rest of NSW,"1",New South Wales,AUS,Australia,49.581299999999999,http://linked.data.gov.au/dataset/asgsed3/SA2/107031141,141952
"107041144",Balgownie - Fairy Meadow,"0",No change,"10704",Wollongong,"107",Illawarra,1RNSW,Rest of NSW,"1",New South Wales,AUS,Australia,12.263800000000000,http://linked.data.gov.au/dataset/asgsed3/SA2/107041144,64199
"107041147",Helensburgh,"0",No change,"10704",Wollongong,"107",Illawarra,1RNSW,Rest of NSW,"1",New South Wales,AUS,Australia,154.837299999999999,http://linked.data.gov.au/dataset/asgsed3/SA2/107041147,100238
"107041148",Thirroul - Austinmer - Coalcliff,"0",No change,"10704",Wollongong,"107",Illawarra,1RNSW,Rest of NSW,"1",New South Wales,AUS,Australia,16.155799999999999,http://linked.data.gov.au/dataset/asgsed3/SA2/107041148,29996
"107041548",Wollongong - East,"0",No change,"10704",Wollongong,"107",Illawarra,1RNSW,Rest of NSW,"1",New South Wales,AUS,Australia,5.503900000000000,http://linked.data.gov.au/dataset/asgsed3/SA2/107041548,180772
"109011172",Albury - East,"0",No change,"10901",Albury,"109",Murray,1RNSW,Rest of NSW,"1",New South Wales,AUS,Australia,101.483999999999995,http://linked.data.gov.au/dataset/asgsed3/SA2/109011172,104500
"109011173",Albury - North,"0",No change,"10901",Albury,"109",Murray,1RNSW,Rest of NSW,"1",New South Wales,AUS,Australia,24.155200000000001,http://linked.data.gov.au/dataset/asgsed3/SA2/109011173,232598
"109011174",Albury - South,"0",No change,"10901",Albury,"109",Murray,1RNSW,Rest of NSW,"1",New South Wales,AUS,Australia,48.144199999999998,http://linked.data.gov.au/dataset/asgsed3/SA2/109011174,285121
"109011175",Albury Surrounds,"3",Name change,"10901",Albury,"109",Murray,1RNSW,Rest of NSW,"1",New South Wales,AUS,Australia,5401.753300000000309,http://linked.data.gov.au/dataset/asgsed3/SA2/109011175,798413
"109011176",Lavington,"0",No change,"10901",Albury,"109",Murray,1RNSW,Rest of NSW,"1",New South Wales,AUS,Australia,21.466999999999999,http://linked.data.gov.au/dataset/asgsed3/SA2/109011176,248740
"109021177",Hay,"0",No change,"10902",Lower Murray,"109",Murray,1RNSW,Rest of NSW,"1",New South Wales,AUS,Australia,13922.897499999999127,http://linked.data.gov.au/dataset/asgsed3/SA2/109021177,136494
"109021178",Wentworth - Buronga,"0",No change,"10902",Lower Murray,"109",Murray,1RNSW,Rest of NSW,"1",New South Wales,AUS,Australia,322.456700000000012,http://linked.data.gov.au/dataset/asgsed3/SA2/109021178,125825
"109021179",Wentworth-Balranald Region,"0",No change,"10902",Lower Murray,"109",Murray,1RNSW,Rest of NSW,"1",New South Wales,AUS,Australia,49722.528599999997823,http://linked.data.gov.au/dataset/asgsed3/SA2/109021179,91052
"109031180",Corowa,"0",No change,"10903",Upper Murray exc. Albury,"109",Murray,1RNSW,Rest of NSW,"1",New South Wales,AUS,Australia,77.128299999999996,http://linked.data.gov.au/dataset/asgsed3/SA2/109031180,250408
"109031181",Corowa Surrounds,"3",Name change,"10903",Upper Murray exc. Albury,"109",Murray,1RNSW,Rest of NSW,"1",New South Wales,AUS,Australia,4495.155700000000252,http://linked.data.gov.au/dataset/asgsed3/SA2/109031181,252758
"109031182",Deniliquin,"0",No change,"10903",Upper Murray exc. Albury,"109",Murray,1RNSW,Rest of NSW,"1",New South Wales,AUS,Australia,143.208100000000002,http://linked.data.gov.au/dataset/asgsed3/SA2/109031182,162362
"109031183",Deniliquin Surrounds,"3",Name change,"10903",Upper Murray exc. Albury,"109",Murray,1RNSW,Rest of NSW,"1",New South Wales,AUS,Australia,18337.945400000000518,http://linked.data.gov.au/dataset/asgsed3/SA2/109031183,216076
"109031184",Moama,"0",No change,"10903",Upper Murray exc. Albury,"109",Murray,1RNSW,Rest of NSW,"1",New South Wales,AUS,Australia,167.006799999999998,http://linked.data.gov.au/dataset/asgsed3/SA2/109031184,569534
"109031185",Tocumwal - Finley - Jerilderie,"0",No change,"10903",Upper Murray exc. Albury,"109",Murray,1RNSW,Rest of NSW,"1",New South Wales,AUS,Australia,5011.158999999999651,http://linked.data.gov.au/dataset/asgsed3/SA2/109031185,401986
"110031196",Moree Surrounds,"3",Name change,"11003",Moree - Narrabri,"110",New England and North West,1RNSW,Rest of NSW,"1",New South Wales,AUS,Australia,19807.316299999998591,http://linked.data.gov.au/dataset/asgsed3/SA2/110031196,23212
"110031197",Narrabri,"0",No change,"11003",Moree - Narrabri,"110",New England and North West,1RNSW,Rest of NSW,"1",New South Wales,AUS,Australia,180.363000000000000,http://linked.data.gov.au/dataset/asgsed3/SA2/110031197,4196
"110031198",Narrabri Surrounds,"3",Name change,"11003",Moree - Narrabri,"110",New England and North West,1RNSW,Rest of NSW,"1",New South Wales,AUS,Australia,11965.644000000000233,http://linked.data.gov.au/dataset/asgsed3/SA2/110031198,22494
"111011208",Charlestown - Dudley,"0",No change,"11101",Lake Macquarie - East,"111",Newcastle and Lake Macquarie,1RNSW,Rest of NSW,"1",New South Wales,AUS,Australia,22.279499999999999,http://linked.data.gov.au/dataset/asgsed3/SA2/111011208,283882
"111011212",Swansea - Caves Beach,"0",No change,"11101",Lake Macquarie - East,"111",Newcastle and Lake Macquarie,1RNSW,Rest of NSW,"1",New South Wales,AUS,Australia,32.406799999999997,http://linked.data.gov.au/dataset/asgsed3/SA2/111011212,36599
"111021218",Morisset - Cooranbong,"0",No change,"11102",Lake Macquarie - West,"111",Newcastle and Lake Macquarie,1RNSW,Rest of NSW,"1",New South Wales,AUS,Australia,330.520699999999977,http://linked.data.gov.au/dataset/asgsed3/SA2/111021218,655298
"111031223",Beresfield - Hexham,"0",No change,"11103",Newcastle,"111",Newcastle and Lake Macquarie,1RNSW,Rest of NSW,"1",New South Wales,AUS,Australia,59.257300000000001,http://linked.data.gov.au/dataset/asgsed3/SA2/111031223,789914
"111031224",Hamilton - Broadmeadow,"0",No change,"11103",Newcastle,"111",Newcastle and Lake Macquarie,1RNSW,Rest of NSW,"1",New South Wales,AUS,Australia,6.746200000000000,http://linked.data.gov.au/dataset/asgsed3/SA2/111031224,259880
"111031225",Lambton - New Lambton,"0",No change,"11103",Newcastle,"111",Newcastle and Lake Macquarie,1RNSW,Rest of NSW,"1",New South Wales,AUS,Australia,10.548500000000001,http://linked.data.gov.au/dataset/asgsed3/SA2/111031225,368782
"113011256",Griffith (NSW),"0",No change,"11301",Griffith - Murrumbidgee (West),"113",Riverina,1RNSW,Rest of NSW,"1",New South Wales,AUS,Australia,56.333199999999998,http://linked.data.gov.au/dataset/asgsed3/SA2/113011256,428366
"113011257",Griffith Surrounds,"3",Name change,"11301",Griffith - Murrumbidgee (West),"113",Riverina,1RNSW,Rest of NSW,"1",New South Wales,AUS,Australia,23020.204499999996187,http://linked.data.gov.au/dataset/asgsed3/SA2/113011257,224716
"113011258",Leeton,"0",No change,"11301",Griffith - Murrumbidgee (West),"113",Riverina,1RNSW,Rest of NSW,"1",New South Wales,AUS,Australia,373.874700000000018,http://linked.data.gov.au/dataset/asgsed3/SA2/113011258,156434
"113011259",Narrandera,"0",No change,"11301",Griffith - Murrumbidgee (West),"113",Riverina,1RNSW,Rest of NSW,"1",New South Wales,AUS,Australia,5409.276399999999740,http://linked.data.gov.au/dataset/asgsed3/SA2/113011259,387440
"113021260",Tumbarumba,"0",No change,"11302",Tumut - Tumbarumba,"113",Riverina,1RNSW,Rest of NSW,"1",New South Wales,AUS,Australia,4520.674299999999675,http://linked.data.gov.au/dataset/asgsed3/SA2/113021260,73344
"113021261",Tumut,"0",No change,"11302",Tumut - Tumbarumba,"113",Riverina,1RNSW,Rest of NSW,"1",New South Wales,AUS,Australia,40.308700000000002,http://linked.data.gov.au/dataset/asgsed3/SA2/113021261,59432
"113021262",Tumut Surrounds,"3",Name change,"11302",Tumut - Tumbarumba,"113",Riverina,1RNSW,Rest of NSW,"1",New South Wales,AUS,Australia,4613.743099999999686,http://linked.data.gov.au/dataset/asgsed3/SA2/113021262,58027
"113031263",Cootamundra,"0",No change,"11303",Wagga Wagga,"113",Riverina,1RNSW,Rest of NSW,"1",New South Wales,AUS,Australia,1656.122200000000021,http://linked.data.gov.au/dataset/asgsed3/SA2/113031263,183929
"113031264",Gundagai,"0",No change,"11303",Wagga Wagga,"113",Riverina,1RNSW,Rest of NSW,"1",New South Wales,AUS,Australia,2362.524100000000089,http://linked.data.gov.au/dataset/asgsed3/SA2/113031264,441972
"113031265",Junee,"0",No change,"11303",Wagga Wagga,"113",Riverina,1RNSW,Rest of NSW,"1",New South Wales,AUS,Australia,1970.874600000000100,http://linked.data.gov.au/dataset/asgsed3/SA2/113031265,20410
"113031266",Temora,"0",No change,"11303",Wagga Wagga,"113",Riverina,1RNSW,Rest of NSW,"1",New South Wales,AUS,Australia,3434.261899999999969,http://linked.data.gov.au/dataset/asgsed3/SA2/113031266,230232
"113031267",Wagga Wagga - East,"0",No change,"11303",Wagga Wagga,"113",Riverina,1RNSW,Rest of NSW,"1",New South Wales,AUS,Australia,54.042900000000003,http://linked.data.gov.au/dataset/asgsed3/SA2/113031267,160360
"113031269",Wagga Wagga - South,"0",No change,"11303",Wagga Wagga,"113",Riverina,1RNSW,Rest of NSW,"1",New South Wales,AUS,Australia,29.435800000000000,http://linked.data.gov.au/dataset/asgsed3/SA2/113031269,76816
"113031270",Wagga Wagga - West,"0",No change,"11303",Wagga Wagga,"113",Riverina,1RNSW,Rest of NSW,"1",New South Wales,AUS,Australia,54.939100000000003,http://linked.data.gov.au/dataset/asgsed3/SA2/113031270,805788
"113031271",Wagga Wagga Surrounds,"3",Name change,"11303",Wagga Wagga,"113",Riverina,1RNSW,Rest of NSW,"1",New South Wales,AUS,Australia,9334.687400000000707,http://linked.data.gov.au/dataset/asgsed3/SA2/113031271,661404
"114021284",Bowral,"0",No change,"11402",Southern Highlands,"114",Southern Highlands and Shoalhaven,1RNSW,Rest of NSW,"1",New South Wales,AUS,Australia,55.572000000000003,http://linked.data.gov.au/dataset/asgsed3/SA2/114021284,124436
"114021288",Robertson - Fitzroy Falls,"0",No change,"11402",Southern Highlands,"114",Southern Highlands and Shoalhaven,1RNSW,Rest of NSW,"1",New South Wales,AUS,Australia,498.494100000000003,http://linked.data.gov.au/dataset/asgsed3/SA2/114021288,54208
"114021289",Southern Highlands,"0",No change,"11402",Southern Highlands,"114",Southern Highlands and Shoalhaven,1RNSW,Rest of NSW,"1",New South Wales,AUS,Australia,1409.701299999999947,http://linked.data.gov.au/dataset/asgsed3/SA2/114021289,218596
"115011554",Castle Hill - East,"0",No change,"11501",Baulkham Hills,"115",Sydney - Baulkham Hills and Hawkesbury,1GSYD,Greater Sydney,"1",New South Wales,AUS,Australia,2.072000000000000,http://linked.data.gov.au/dataset/asgsed3/SA2/115011554,421568
"115031300",Kurrajong Heights - Ebenezer,"0",No change,"11503",Hawkesbury,"115",Sydney - Baulkham Hills and Hawkesbury,1GSYD,Greater Sydney,"1",New South Wales,AUS,Australia,331.850000000000023,http://linked.data.gov.au/dataset/asgsed3/SA2/115031300,14168
"116011303",Blacktown (East) - Kings Park,"0",No change,"11601",Blacktown,"116",Sydney - Blacktown,1GSYD,Greater Sydney,"1",New South Wales,AUS,Australia,7.975300000000000,http://linked.data.gov.au/dataset/asgsed3/SA2/116011303,606744
"116011560",Blacktown - South,"3",Name change,"11601",Blacktown,"116",Sydney - Blacktown,1GSYD,Greater Sydney,"1",New South Wales,AUS,Australia,3.359400000000000,http://linked.data.gov.au/dataset/asgsed3/SA2/116011560,73119
"116031319",Rooty Hill - Minchinbury,"0",No change,"11603",Mount Druitt,"116",Sydney - Blacktown,1GSYD,Greater Sydney,"1",New South Wales,AUS,Australia,14.624200000000000,http://linked.data.gov.au/dataset/asgsed3/SA2/116031319,37280
"117011325",Sydney Airport,"0",No change,"11701",Botany,"117",Sydney - City and Inner South,1GSYD,Greater Sydney,"1",New South Wales,AUS,Australia,8.910600000000002,http://linked.data.gov.au/dataset/asgsed3/SA2/117011325,339056
"117011634",Eastlakes,"1",New,"11701",Botany,"117",Sydney - City and Inner South,1GSYD,Greater Sydney,"1",New South Wales,AUS,Australia,3.114900000000000,http://linked.data.gov.au/dataset/asgsed3/SA2/117011634,1224390
"117031638",Camperdown - Darlington,"1",New,"11703",Sydney Inner City,"117",Sydney - City and Inner South,1GSYD,Greater Sydney,"1",New South Wales,AUS,Australia,1.710600000000000,http://linked.data.gov.au/dataset/asgsed3/SA2/117031638,370030
"117031640",Newtown (NSW),"1",New,"11703",Sydney Inner City,"117",Sydney - City and Inner South,1GSYD,Greater Sydney,"1",New South Wales,AUS,Australia,1.570700000000000,http://linked.data.gov.au/dataset/asgsed3/SA2/117031640,239762
"117031641",Pyrmont,"1",New,"11703",Sydney Inner City,"117",Sydney - City and Inner South,1GSYD,Greater Sydney,"1",New South Wales,AUS,Australia,0.929900000000000,http://linked.data.gov.au/dataset/asgsed3/SA2/117031641,268131
"117031644",Sydney (North) - Millers Point,"1",New,"11703",Sydney Inner City,"117",Sydney - City and Inner South,1GSYD,Greater Sydney,"1",New South Wales,AUS,Australia,3.212200000000000,http://linked.data.gov.au/dataset/asgsed3/SA2/117031644,1851150
"118011342",Centennial Park,"0",No change,"11801",Eastern Suburbs - North,"118",Sydney - Eastern Suburbs,1GSYD,Greater Sydney,"1",New South Wales,AUS,Australia,1.978600000000000,http://linked.data.gov.au/dataset/asgsed3/SA2/118011342,629988
"119011356",Condell Park,"0",No change,"11901",Bankstown,"119",Sydney - Inner South West,1GSYD,Greater Sydney,"1",New South Wales,AUS,Australia,10.003600000000000,http://linked.data.gov.au/dataset/asgsed3/SA2/119011356,495948
"119011358",Padstow,"0",No change,"11901",Bankstown,"119",Sydney - Inner South West,1GSYD,Greater Sydney,"1",New South Wales,AUS,Australia,6.509100000000000,http://linked.data.gov.au/dataset/asgsed3/SA2/119011358,328608
"119011360",Revesby,"0",No change,"11901",Bankstown,"119",Sydney - Inner South West,1GSYD,Greater Sydney,"1",New South Wales,AUS,Australia,5.092500000000000,http://linked.data.gov.au/dataset/asgsed3/SA2/119011360,822950
"119011572",Bankstown - South,"0",No change,"11901",Bankstown,"119",Sydney - Inner South West,1GSYD,Greater Sydney,"1",New South Wales,AUS,Australia,4.423200000000000,http://linked.data.gov.au/dataset/asgsed3/SA2/119011572,457548
"119011655",Greenacre - North,"1",New,"11901",Bankstown,"119",Sydney - Inner South West,1GSYD,Greater Sydney,"1",New South Wales,AUS,Australia,4.080200000000000,http://linked.data.gov.au/dataset/asgsed3/SA2/119011655,546254
"119011656",Greenacre - South,"1",New,"11901",Bankstown,"119",Sydney - Inner South West,1GSYD,Greater Sydney,"1",New South Wales,AUS,Australia,2.901700000000000,http://linked.data.gov.au/dataset/asgsed3/SA2/119011656,133426
"119021574",Wiley Park,"0",No change,"11902",Canterbury,"119",Sydney - Inner South West,1GSYD,Greater Sydney,"1",New South Wales,AUS,Australia,1.393300000000000,http://linked.data.gov.au/dataset/asgsed3/SA2/119021574,728932
"119031374",South Hurstville - Blakehurst,"0",No change,"11903",Hurstville,"119",Sydney - Inner South West,1GSYD,Greater Sydney,"1",New South Wales,AUS,Australia,6.240600000000000,http://linked.data.gov.au/dataset/asgsed3/SA2/119031374,809756
"119041671",Wolli Creek,"1",New,"11904",Kogarah - Rockdale,"119",Sydney - Inner South West,1GSYD,Greater Sydney,"1",New South Wales,AUS,Australia,0.679500000000000,http://linked.data.gov.au/dataset/asgsed3/SA2/119041671,578596
"120011386",Five Dock - Abbotsford,"0",No change,"12001",Canada Bay,"120",Sydney - Inner West,1GSYD,Greater Sydney,"1",New South Wales,AUS,Australia,4.620200000000000,http://linked.data.gov.au/dataset/asgsed3/SA2/120011386,813654
"120011673",Rhodes,"1",New,"12001",Canada Bay,"120",Sydney - Inner West,1GSYD,Greater Sydney,"1",New South Wales,AUS,Australia,1.006000000000000,http://linked.data.gov.au/dataset/asgsed3/SA2/120011673,673422
"120021674",Annandale (NSW),"1",New,"12002",Leichhardt,"120",Sydney - Inner West,1GSYD,Greater Sydney,"1",New South Wales,AUS,Australia,1.488500000000000,http://linked.data.gov.au/dataset/asgsed3/SA2/120021674,452090
"120031395",Haberfield - Summer Hill,"0",No change,"12003",Strathfield - Burwood - Ashfield,"120",Sydney - Inner West,1GSYD,Greater Sydney,"1",New South Wales,AUS,Australia,3.474600000000000,http://linked.data.gov.au/dataset/asgsed3/SA2/120031395,212574
"120031396",Homebush,"0",No change,"12003",Strathfield - Burwood - Ashfield,"120",Sydney - Inner West,1GSYD,Greater Sydney,"1",New South Wales,AUS,Australia,3.843200000000000,http://linked.data.gov.au/dataset/asgsed3/SA2/120031396,789360
"120031676",Ashfield - North,"1",New,"12003",Strathfield - Burwood - Ashfield,"120",Sydney - Inner West,1GSYD,Greater Sydney,"1",New South Wales,AUS,Australia,1.560900000000000,http://linked.data.gov.au/dataset/asgsed3/SA2/120031676,522484
"121011684",Chatswood - East,"1",New,"12101",Chatswood - Lane Cove,"121",Sydney - North Sydney and Hornsby,1GSYD,Greater Sydney,"1",New South Wales,AUS,Australia,3.409300000000000,http://linked.data.gov.au/dataset/asgsed3/SA2/121011684,529186
"121011685",Greenwich - Riverview,"1",New,"12101",Chatswood - Lane Cove,"121",Sydney - North Sydney and Hornsby,1GSYD,Greater Sydney,"1",New South Wales,AUS,Australia,4.587100000000000,http://linked.data.gov.au/dataset/asgsed3/SA2/121011685,240394
"121011687",Willoughby,"1",New,"12101",Chatswood - Lane Cove,"121",Sydney - North Sydney and Hornsby,1GSYD,Greater Sydney,"1",New South Wales,AUS,Australia,3.067100000000000,http://linked.data.gov.au/dataset/asgsed3/SA2/121011687,325766
"121021403",Asquith - Mount Colah,"0",No change,"12102",Hornsby,"121",Sydney - North Sydney and Hornsby,1GSYD,Greater Sydney,"1",New South Wales,AUS,Australia,34.688899999999997,http://linked.data.gov.au/dataset/asgsed3/SA2/121021403,176476
"121021404",Berowra - Brooklyn - Cowan,"0",No change,"12102",Hornsby,"121",Sydney - North Sydney and Hornsby,1GSYD,Greater Sydney,"1",New South Wales,AUS,Australia,81.754800000000003,http://linked.data.gov.au/dataset/asgsed3/SA2/121021404,96040
"121021579",Wahroonga (West) - Waitara,"3",Name change,"12102",Hornsby,"121",Sydney - North Sydney and Hornsby,1GSYD,Greater Sydney,"1",New South Wales,AUS,Australia,2.112400000000000,http://linked.data.gov.au/dataset/asgsed3/SA2/121021579,952160
"121031409",Pymble,"0",No change,"12103",Ku-ring-gai,"121",Sydney - North Sydney and Hornsby,1GSYD,Greater Sydney,"1",New South Wales,AUS,Australia,10.251500000000000,http://linked.data.gov.au/dataset/asgsed3/SA2/121031409,666980
"121031412",Wahroonga (East) - Warrawee,"0",No change,"12103",Ku-ring-gai,"121",Sydney - North Sydney and Hornsby,1GSYD,Greater Sydney,"1",New South Wales,AUS,Australia,13.327000000000000,http://linked.data.gov.au/dataset/asgsed3/SA2/121031412,560632
"121041413",Cremorne - Cammeray,"0",No change,"12104",North Sydney - Mosman,"121",Sydney - North Sydney and Hornsby,1GSYD,Greater Sydney,"1",New South Wales,AUS,Australia,3.238000000000000,http://linked.data.gov.au/dataset/asgsed3/SA2/121041413,263246
"123021444",Rosemeadow - Glen Alpine,"0",No change,"12302",Campbelltown (NSW),"123",Sydney - Outer South West,1GSYD,Greater Sydney,"1",New South Wales,AUS,Australia,48.082700000000003,http://linked.data.gov.au/dataset/asgsed3/SA2/123021444,86100
"123021705",Ingleburn,"1",New,"12302",Campbelltown (NSW),"123",Sydney - Outer South West,1GSYD,Greater Sydney,"1",New South Wales,AUS,Australia,14.115600000000001,http://linked.data.gov.au/dataset/asgsed3/SA2/123021705,352910
"123031446",Douglas Park - Appin,"0",No change,"12303",Wollondilly,"123",Sydney - Outer South West,1GSYD,Greater Sydney,"1",New South Wales,AUS,Australia,289.946000000000026,http://linked.data.gov.au/dataset/asgsed3/SA2/123031446,291298
"123031447",Picton - Tahmoor - Buxton,"0",No change,"12303",Wollondilly,"123",Sydney - Outer South West,1GSYD,Greater Sydney,"1",New South Wales,AUS,Australia,189.908700000000010,http://linked.data.gov.au/dataset/asgsed3/SA2/123031447,109984
"124011449",Blackheath - Megalong Valley,"0",No change,"12401",Blue Mountains,"124",Sydney - Outer West and Blue Mountains,1GSYD,Greater Sydney,"1",New South Wales,AUS,Australia,139.216600000000000,http://linked.data.gov.au/dataset/asgsed3/SA2/124011449,39816
"124011451",Blue Mountains - North,"0",No change,"12401",Blue Mountains,"124",Sydney - Outer West and Blue Mountains,1GSYD,Greater Sydney,"1",New South Wales,AUS,Australia,595.036600000000021,http://linked.data.gov.au/dataset/asgsed3/SA2/124011451,20742
"124031460",Glenmore Park - Regentville,"0",No change,"12403",Penrith,"124",Sydney - Outer West and Blue Mountains,1GSYD,Greater Sydney,"1",New South Wales,AUS,Australia,9.233000000000001,http://linked.data.gov.au/dataset/asgsed3/SA2/124031460,534986
"124031462",Kingswood - Werrington,"0",No change,"12403",Penrith,"124",Sydney - Outer West and Blue Mountains,1GSYD,Greater Sydney,"1",New South Wales,AUS,Australia,14.023000000000000,http://linked.data.gov.au/dataset/asgsed3/SA2/124031462,337506
"125011586",Lidcombe,"0",No change,"12501",Auburn,"125",Sydney - Parramatta,1GSYD,Greater Sydney,"1",New South Wales,AUS,Australia,6.403600000000000,http://linked.data.gov.au/dataset/asgsed3/SA2/125011586,468474
"125011710",Wentworth Point - Sydney Olympic Park,"1",New,"12501",Auburn,"125",Sydney - Parramatta,1GSYD,Greater Sydney,"1",New South Wales,AUS,Australia,7.327900000000000,http://linked.data.gov.au/dataset/asgsed3/SA2/125011710,443068
"125021477",Ermington - Rydalmere,"0",No change,"12502",Carlingford,"125",Sydney - Parramatta,1GSYD,Greater Sydney,"1",New South Wales,AUS,Australia,9.865500000000001,http://linked.data.gov.au/dataset/asgsed3/SA2/125021477,1045604
"125031481",Granville - Clyde,"0",No change,"12503",Merrylands - Guildford,"125",Sydney - Parramatta,1GSYD,Greater Sydney,"1",New South Wales,AUS,Australia,5.608600000000000,http://linked.data.gov.au/dataset/asgsed3/SA2/125031481,491110
"125041491",Northmead,"0",No change,"12504",Parramatta,"125",Sydney - Parramatta,1GSYD,Greater Sydney,"1",New South Wales,AUS,Australia,5.933100000000000,http://linked.data.gov.au/dataset/asgsed3/SA2/125041491,624764
"125041589",Wentworthville - Westmead,"0",No change,"12504",Parramatta,"125",Sydney - Parramatta,1GSYD,Greater Sydney,"1",New South Wales,AUS,Australia,3.935500000000000,http://linked.data.gov.au/dataset/asgsed3/SA2/125041589,326176
"126011496",Pennant Hills - Cheltenham,"0",No change,"12601",Pennant Hills - Epping,"126",Sydney - Ryde,1GSYD,Greater Sydney,"1",New South Wales,AUS,Australia,13.293600000000000,http://linked.data.gov.au/dataset/asgsed3/SA2/126011496,24388
"126021500",Macquarie Park - Marsfield,"0",No change,"12602",Ryde - Hunters Hill,"126",Sydney - Ryde,1GSYD,Greater Sydney,"1",New South Wales,AUS,Australia,10.671799999999999,http://linked.data.gov.au/dataset/asgsed3/SA2/126021500,366888
"126021501",North Ryde - East Ryde,"0",No change,"12602",Ryde - Hunters Hill,"126",Sydney - Ryde,1GSYD,Greater Sydney,"1",New South Wales,AUS,Australia,6.223100000000000,http://linked.data.gov.au/dataset/asgsed3/SA2/126021501,126065
"126021724",Ryde - North,"1",New,"12602",Ryde - Hunters Hill,"126",Sydney - Ryde,1GSYD,Greater Sydney,"1",New South Wales,AUS,Australia,5.709800000000000,http://linked.data.gov.au/dataset/asgsed3/SA2/126021724,608824
"127031522",Casula,"0",No change,"12703",Liverpool,"127",Sydney - South West,1GSYD,Greater Sydney,"1",New South Wales,AUS,Australia,7.072000000000000,http://linked.data.gov.au/dataset/asgsed3/SA2/127031522,626544
"127031523",Chipping Norton - Moorebank,"0",No change,"12703",Liverpool,"127",Sydney - South West,1GSYD,Greater Sydney,"1",New South Wales,AUS,Australia,14.490200000000000,http://linked.data.gov.au/dataset/asgsed3/SA2/127031523,987466
"127031732",Liverpool - West,"1",New,"12703",Liverpool,"127",Sydney - South West,1GSYD,Greater Sydney,"1",New South Wales,AUS,Australia,4.058300000000000,http://linked.data.gov.au/dataset/asgsed3/SA2/127031732,1377408
"128011531",Sylvania - Taren Point,"0",No change,"12801",Cronulla - Miranda - Caringbah,"128",Sydney - Sutherland,1GSYD,Greater Sydney,"1",New South Wales,AUS,Australia,6.059500000000000,http://linked.data.gov.au/dataset/asgsed3/SA2/128011531,514634
"128021537",Royal National Park,"0",No change,"12802",Sutherland - Menai - Heathcote,"128",Sydney - Sutherland,1GSYD,Greater Sydney,"1",New South Wales,AUS,Australia,139.333599999999990,http://linked.data.gov.au/dataset/asgsed3/SA2/128021537,481168
"204031072",Towong,"0",No change,"20403",Wodonga - Alpine,"204",Hume,2RVIC,Rest of Vic.,"2",Victoria,AUS,Australia,6668.947000000000116,http://linked.data.gov.au/dataset/asgsed3/SA2/204031072,21980
"205021085",Orbost,"0",No change,"20502",Gippsland - East,"205",Latrobe - Gippsland,2RVIC,Rest of Vic.,"2",Victoria,AUS,Australia,11383.700000000000728,http://linked.data.gov.au/dataset/asgsed3/SA2/205021085,4816
"215021469",Mildura - North,"0",No change,"21502",Mildura,"215",North West,2RVIC,Rest of Vic.,"2",Victoria,AUS,Australia,25.117000000000001,http://linked.data.gov.au/dataset/asgsed3/SA2/215021469,187928
